ISBN,Predicted-Rating,Number_Bought
0002244098,9.0,3
0192817361,9.0,3
0195038630,9.0,3
0345293568,9.0,3
0374109990,9.0,3
0380401967,9.0,3
0380778327,9.0,3
0446404462,9.0,3
0451405986,9.0,3
0451527348,9.0,3
0671021184,9.0,3
0671689711,9.0,3
0671876775,9.0,3
0738702226,9.0,3
0786864087,9.0,3
1558175822,9.0,3
159182334X,9.0,3
0060174056,9.0,2
0062500821,9.0,2
0064406334,9.0,2
0140267670,9.0,2
0142000825,9.0,2
0192833693,9.0,2
031206571X,9.0,2
0345373294,9.0,2
0345395182,9.0,2
0345395190,9.0,2
0373185111,9.0,2
0373707169,9.0,2
0374177260,9.0,2
0375702989,9.0,2
0380701006,9.0,2
0385420137,9.0,2
0399148795,9.0,2
0425118754,9.0,2
0446609889,9.0,2
0449130509,9.0,2
0449238040,9.0,2
0451526791,9.0,2
0517595761,9.0,2
059013437X,9.0,2
0590409662,9.0,2
0609604996,9.0,2
0671441035,9.0,2
0679415599,9.0,2
0679735739,9.0,2
0684804018,9.0,2
0688146899,9.0,2
0738206679,9.0,2
0740713957,9.0,2
0809232197,9.0,2
0812551702,9.0,2
0849914248,9.0,2
1551666081,9.0,2
1565924274,9.0,2
1567312667,9.0,2
1570431108,9.0,2
1570540403,9.0,2
1578563933,9.0,2
1578632064,9.0,2
1583940006,9.0,2
1853045586,9.0,2
2070329135,9.0,2
2868691870,9.0,2
8401377250,9.0,2
0060953675,9.0,1
0060955872,9.0,1
0061099759,9.0,1
0064473384,9.0,1
0140252525,9.0,1
0140267808,9.0,1
0140390480,9.0,1
0192833901,9.0,1
031242051X,9.0,1
0312961308,9.0,1
0316277010,9.0,1
0330360000,9.0,1
0330375113,9.0,1
0340707712,9.0,1
0345370066,9.0,1
034542333X,9.0,1
0374527075,9.0,1
0380727021,9.0,1
0380788667,9.0,1
0380803100,9.0,1
0399139702,9.0,1
0439071682,9.0,1
0440151414,9.0,1
0440402255,9.0,1
0525945008,9.0,1
0531071855,9.0,1
0553290088,9.0,1
0553351354,9.0,1
0571220347,9.0,1
0590519255,9.0,1
0670032646,9.0,1
067102437X,9.0,1
0671877399,9.0,1
0679728740,9.0,1
0679729437,9.0,1
0679732454,9.0,1
0679886893,9.0,1
0684859114,9.0,1
0739426486,9.0,1
0743442911,9.0,1
0753504561,9.0,1
076270327X,9.0,1
0771056265,9.0,1
0805055126,9.0,1
0812571029,9.0,1
0821718967,9.0,1
0826329705,9.0,1
0877738807,9.0,1
0879522593,9.0,1
1558746803,9.0,1
1576736202,9.0,1
1577312333,9.0,1
1582401837,9.0,1
1885211198,9.0,1
192975213X,9.0,1
2253030228,9.0,1
3404139968,9.0,1
3423101776,9.0,1
3423123540,9.0,1
3423125071,9.0,1
3442350662,9.0,1
3442415438,9.0,1
3442439027,9.0,1
3499222256,9.0,1
3499223155,9.0,1
3518381296,9.0,1
3548250955,9.0,1
8420447978,9.0,1
8423900290,9.0,1
8434856719,9.0,1
8437601797,9.0,1
8437601851,9.0,1
8807813483,9.0,1
0060175656,8.666666666666666,3
0060240911,8.666666666666666,3
0060556935,8.666666666666666,3
0060589272,8.666666666666666,3
0061012467,8.666666666666666,3
0140254277,8.666666666666666,3
0140366717,8.666666666666666,3
0307131084,8.666666666666666,3
0316358452,8.666666666666666,3
0316358487,8.666666666666666,3
0345332687,8.666666666666666,3
0373078595,8.666666666666666,3
0373250614,8.666666666666666,3
0373441746,8.666666666666666,3
0380710099,8.666666666666666,3
0380795833,8.666666666666666,3
0380821001,8.666666666666666,3
0385313128,8.666666666666666,3
0394712447,8.666666666666666,3
0394758250,8.666666666666666,3
0399138021,8.666666666666666,3
0440162688,8.666666666666666,3
0440193281,8.666666666666666,3
0440208297,8.666666666666666,3
0441090796,8.666666666666666,3
0449210006,8.666666666666666,3
0451192087,8.666666666666666,3
0451405676,8.666666666666666,3
0465016901,8.666666666666666,3
0525942386,8.666666666666666,3
067102177X,8.666666666666666,3
0671618636,8.666666666666666,3
0671689487,8.666666666666666,3
0671724835,8.666666666666666,3
0671735934,8.666666666666666,3
0679760237,8.666666666666666,3
0684810476,8.666666666666666,3
0684852314,8.666666666666666,3
068817888X,8.666666666666666,3
074347144X,8.666666666666666,3
079226472X,8.666666666666666,3
0802483305,8.666666666666666,3
0812931378,8.666666666666666,3
0821768166,8.666666666666666,3
0871236109,8.666666666666666,3
0893754013,8.666666666666666,3
0895773899,8.666666666666666,3
0898799279,8.666666666666666,3
0962500631,8.666666666666666,3
155166822X,8.666666666666666,3
1573229717,8.666666666666666,3
1573245038,8.666666666666666,3
1578563941,8.666666666666666,3
1591823277,8.666666666666666,3
1853261556,8.666666666666666,3
1853262455,8.666666666666666,3
1887317023,8.666666666666666,3
2253004014,8.666666666666666,3
2868692761,8.666666666666666,3
3596109434,8.666666666666666,3
8420443107,8.666666666666666,3
8420447625,8.666666666666666,3
9722110500,8.666666666666666,3
0006512208,8.5,2
006015781X,8.5,2
006080615X,8.5,2
006097754X,8.5,2
006250939X,8.5,2
0064461033,8.5,2
0064473805,8.5,2
0140004424,8.5,2
014009623X,8.5,2
0140253580,8.5,2
0140345809,8.5,2
0140360778,8.5,2
0140375988,8.5,2
0140388419,8.5,2
0140432035,8.5,2
0140445145,8.5,2
0142500372,8.5,2
0156705427,8.5,2
019283357X,8.5,2
0192834371,8.5,2
0201874849,8.5,2
0226743403,8.5,2
0312204272,8.5,2
0312302894,8.5,2
0312928831,8.5,2
0316277371,8.5,2
0316926078,8.5,2
0340581239,8.5,2
034530358X,8.5,2
034531980X,8.5,2
0373089309,8.5,2
0373123523,8.5,2
0373191456,8.5,2
0380001373,8.5,2
0385176449,8.5,2
0385312059,8.5,2
0394752996,8.5,2
0394805798,8.5,2
0395873460,8.5,2
0425089770,8.5,2
0425135268,8.5,2
042514173X,8.5,2
0425156702,8.5,2
0425173917,8.5,2
0425181006,8.5,2
0440217687,8.5,2
0440460751,8.5,2
0440773504,8.5,2
0441002536,8.5,2
0446403695,8.5,2
0449006158,8.5,2
0449148343,8.5,2
0451176820,8.5,2
0451185056,8.5,2
0451185978,8.5,2
0451205758,8.5,2
0451626745,8.5,2
0515090492,8.5,2
0517704927,8.5,2
0525446052,8.5,2
0553283944,8.5,2
0553295500,8.5,2
0571117880,8.5,2
0590257838,8.5,2
0590485849,8.5,2
060960287X,8.5,2
0609806599,8.5,2
0671002988,8.5,2
0671007343,8.5,2
0671026798,8.5,2
0671318330,8.5,2
067145806X,8.5,2
0671640585,8.5,2
0671640992,8.5,2
0671695347,8.5,2
067173069X,8.5,2
0671785966,8.5,2
0671869205,8.5,2
0671869698,8.5,2
0671878530,8.5,2
0671894250,8.5,2
0671899007,8.5,2
0679444653,8.5,2
0679722572,8.5,2
0679758461,8.5,2
0688065708,8.5,2
0722150954,8.5,2
0743202384,8.5,2
0743218779,8.5,2
0764225081,8.5,2
0802134483,8.5,2
080755457X,8.5,2
0812928423,8.5,2
0816700257,8.5,2
0861047885,8.5,2
0872860051,8.5,2
0874772621,8.5,2
0880888393,8.5,2
0891075925,8.5,2
1551922703,8.5,2
1552780724,8.5,2
1553165810,8.5,2
1558746455,8.5,2
1569311382,8.5,2
1569471509,8.5,2
1575663236,8.5,2
1575666731,8.5,2
1582340013,8.5,2
1583940634,8.5,2
1857992466,8.5,2
2070425479,8.5,2
207054351X,8.5,2
2070756319,8.5,2
2266122355,8.5,2
3257056109,8.5,2
3257060351,8.5,2
3379015776,8.5,2
3423100699,8.5,2
3423362995,8.5,2
3423701447,8.5,2
3442416310,8.5,2
3442429609,8.5,2
3442446872,8.5,2
3446133631,8.5,2
3453503384,8.5,2
351839195X,8.5,2
3821829699,8.5,2
8433966898,8.5,2
8439702035,8.5,2
847727164X,8.5,2
000654861X,8.333333333333334,3
0020869509,8.333333333333334,3
0060534389,8.333333333333334,3
0060727101,8.333333333333334,3
0060803320,8.333333333333334,3
0060812516,8.333333333333334,3
0060919647,8.333333333333334,3
006093817X,8.333333333333334,3
0060959584,8.333333333333334,3
0060965991,8.333333333333334,3
0060975857,8.333333333333334,3
0061053775,8.333333333333334,3
0062736396,8.333333333333334,3
0064408272,8.333333333333334,3
0140185852,8.333333333333334,3
0140249265,8.333333333333334,3
0140440984,8.333333333333334,3
0140442731,8.333333333333334,3
0142501425,8.333333333333334,3
0152008799,8.333333333333334,3
0152099905,8.333333333333334,3
0192834444,8.333333333333334,3
0192834681,8.333333333333334,3
0307101177,8.333333333333334,3
0307119793,8.333333333333334,3
030712763X,8.333333333333334,3
030721589X,8.333333333333334,3
0312242417,8.333333333333334,3
0312265042,8.333333333333334,3
0312856563,8.333333333333334,3
0312961677,8.333333333333334,3
0312968221,8.333333333333334,3
0316153982,8.333333333333334,3
0330315226,8.333333333333334,3
0340728256,8.333333333333334,3
0345252888,8.333333333333334,3
0345306929,8.333333333333334,3
0345329015,8.333333333333334,3
0345337115,8.333333333333334,3
0345384229,8.333333333333334,3
0345394658,8.333333333333334,3
0345397673,8.333333333333334,3
0345427181,8.333333333333334,3
0373076312,8.333333333333334,3
0373076975,8.333333333333334,3
0373077599,8.333333333333334,3
0373092253,8.333333333333334,3
0373201915,8.333333333333334,3
0373709862,8.333333333333334,3
0373790767,8.333333333333334,3
0374158177,8.333333333333334,3
0375420983,8.333333333333334,3
0375502645,8.333333333333334,3
0375700730,8.333333333333334,3
0375752404,8.333333333333334,3
0380724693,8.333333333333334,3
0380732823,8.333333333333334,3
0380775735,8.333333333333334,3
0380785617,8.333333333333334,3
0380788632,8.333333333333334,3
0380803291,8.333333333333334,3
0380811979,8.333333333333334,3
0385236662,8.333333333333334,3
0385338090,8.333333333333334,3
0393019624,8.333333333333334,3
0393314812,8.333333333333334,3
0393324761,8.333333333333334,3
0394515315,8.333333333333334,3
0399143025,8.333333333333334,3
042516036X,8.333333333333334,3
042518384X,8.333333333333334,3
0440113555,8.333333333333334,3
0440209293,8.333333333333334,3
0440217431,8.333333333333334,3
044021775X,8.333333333333334,3
0440218926,8.333333333333334,3
0440221064,8.333333333333334,3
0440226856,8.333333333333334,3
0441694004,8.333333333333334,3
0446356077,8.333333333333334,3
0446518859,8.333333333333334,3
0446602930,8.333333333333334,3
0449001814,8.333333333333334,3
0449128733,8.333333333333334,3
0451202066,8.333333333333334,3
0451405471,8.333333333333334,3
0451454499,8.333333333333334,3
0451457056,8.333333333333334,3
0451527623,8.333333333333334,3
0452272599,8.333333333333334,3
055309582X,8.333333333333334,3
0553110438,8.333333333333334,3
0553212818,8.333333333333334,3
0553240633,8.333333333333334,3
0553286447,8.333333333333334,3
0553567187,8.333333333333334,3
0553574302,8.333333333333334,3
0553802100,8.333333333333334,3
0590132008,8.333333333333334,3
0590252712,8.333333333333334,3
0600571025,8.333333333333334,3
0618335455,8.333333333333334,3
0670844543,8.333333333333334,3
067100171X,8.333333333333334,3
0671009257,8.333333333333334,3
0671550284,8.333333333333334,3
067165876X,8.333333333333334,3
0671667734,8.333333333333334,3
0671727893,8.333333333333334,3
067172858X,8.333333333333334,3
0671758837,8.333333333333334,3
0679445048,8.333333333333334,3
0684802082,8.333333333333334,3
0684862107,8.333333333333334,3
0688159753,8.333333333333334,3
0689111940,8.333333333333334,3
0743202570,8.333333333333334,3
0743400569,8.333333333333334,3
0751530328,8.333333333333334,3
0757300073,8.333333333333334,3
0785268766,8.333333333333334,3
0786862890,8.333333333333334,3
0789205106,8.333333333333334,3
0812536509,8.333333333333334,3
0821756389,8.333333333333334,3
0843935278,8.333333333333334,3
0843947896,8.333333333333334,3
0843952059,8.333333333333334,3
0865470561,8.333333333333334,3
0865714568,8.333333333333334,3
0886771951,8.333333333333334,3
0886778220,8.333333333333334,3
0886778328,8.333333333333334,3
0889740445,8.333333333333334,3
0892814926,8.333333333333334,3
0939149842,8.333333333333334,3
1401200893,8.333333333333334,3
1401201172,8.333333333333334,3
1551668955,8.333333333333334,3
155661456X,8.333333333333334,3
155868400X,8.333333333333334,3
1561792225,8.333333333333334,3
1562920960,8.333333333333334,3
1565120140,8.333333333333334,3
1573226017,8.333333333333334,3
1580050662,8.333333333333334,3
1591822416,8.333333333333334,3
1853260797,8.333333333333334,3
1865085537,8.333333333333334,3
1877733075,8.333333333333334,3
187825751X,8.333333333333334,3
2070365832,8.333333333333334,3
2253029858,8.333333333333334,3
3518394770,8.333333333333334,3
8440642261,8.333333333333334,3
0020518803,8.0,3
006019698X,8.0,3
006091260X,8.0,3
0060919833,8.0,3
0061013145,8.0,3
0062513206,8.0,3
0064404455,8.0,3
0064472132,8.0,3
0140033416,8.0,3
014009864X,8.0,3
0140185844,8.0,3
0140245154,8.0,3
0140278915,8.0,3
0140367659,8.0,3
0140390332,8.0,3
0140430520,8.0,3
0140430547,8.0,3
0140434143,8.0,3
0140435387,8.0,3
0140442898,8.0,3
0140481877,8.0,3
0140505660,8.0,3
0140862919,8.0,3
0141180145,8.0,3
0142500135,8.0,3
0151556946,8.0,3
0156180421,8.0,3
0192833626,8.0,3
0192835084,8.0,3
0192839306,8.0,3
0307000826,8.0,3
0307105660,8.0,3
0307126455,8.0,3
0310235588,8.0,3
031209924X,8.0,3
0312853211,8.0,3
0312867034,8.0,3
0312923074,8.0,3
0312961685,8.0,3
0312965257,8.0,3
0312975570,8.0,3
0312983778,8.0,3
0316184136,8.0,3
0330411896,8.0,3
0345291328,8.0,3
0345301706,8.0,3
0345324196,8.0,3
0345329767,8.0,3
0345330153,8.0,3
0345335538,8.0,3
0345337484,8.0,3
0345417941,8.0,3
0345427165,8.0,3
0345442636,8.0,3
0345448219,8.0,3
0345467566,8.0,3
0373075286,8.0,3
0373076916,8.0,3
0373122977,8.0,3
0373226632,8.0,3
0373289073,8.0,3
0373289545,8.0,3
0373290764,8.0,3
0373705026,8.0,3
0373705972,8.0,3
0373765193,8.0,3
0373791143,8.0,3
0375413154,8.0,3
0375421726,8.0,3
0375500693,8.0,3
0375503730,8.0,3
0375507779,8.0,3
0375508856,8.0,3
0375756566,8.0,3
0375758275,8.0,3
0380603438,8.0,3
0380703890,8.0,3
0380704498,8.0,3
0380714868,8.0,3
0380722291,8.0,3
0380724073,8.0,3
0380775786,8.0,3
0380781379,8.0,3
0380786443,8.0,3
0380798352,8.0,3
0380808161,8.0,3
0380810158,8.0,3
0385247311,8.0,3
0385290101,8.0,3
0385471475,8.0,3
038550098X,8.0,3
0393002144,8.0,3
0394805801,8.0,3
0394824725,8.0,3
0394886690,8.0,3
0397321651,8.0,3
0399127216,8.0,3
0399140506,8.0,3
0399142398,8.0,3
0425098826,8.0,3
0425114511,8.0,3
0425128482,8.0,3
0425174727,8.0,3
0425174816,8.0,3
0425175464,8.0,3
0425175472,8.0,3
0440156645,8.0,3
0440217806,8.0,3
0440223253,8.0,3
044022389X,8.0,3
0440235987,8.0,3
0440408652,8.0,3
0440432952,8.0,3
0440440629,8.0,3
0440840953,8.0,3
044094774X,8.0,3
0441006205,8.0,3
0441006787,8.0,3
0441775594,8.0,3
0446329835,8.0,3
0446392243,8.0,3
0446524573,8.0,3
0446604682,8.0,3
0446606219,8.0,3
0446610941,8.0,3
0448095106,8.0,3
0449146448,8.0,3
0449217280,8.0,3
0449224260,8.0,3
0449225666,8.0,3
0449908623,8.0,3
0449909050,8.0,3
0451145577,8.0,3
0451154967,8.0,3
0451157087,8.0,3
0451159934,8.0,3
0451173384,8.0,3
0451175867,8.0,3
0451197690,8.0,3
0451200519,8.0,3
0451410351,8.0,3
0451457595,8.0,3
0451523040,8.0,3
0451525566,8.0,3
0451526120,8.0,3
0451527364,8.0,3
0451627237,8.0,3
0452267587,8.0,3
0471253111,8.0,3
0486276880,8.0,3
048629093X,8.0,3
0486414132,8.0,3
0505519542,8.0,3
0505520419,8.0,3
050552144X,8.0,3
0505523248,8.0,3
0515104191,8.0,3
0515120014,8.0,3
0515120464,8.0,3
0515121398,8.0,3
0517159309,8.0,3
0553122061,8.0,3
0553213687,8.0,3
0553263587,8.0,3
0553271466,8.0,3
0553271989,8.0,3
0553296590,8.0,3
055329959X,8.0,3
0553574140,8.0,3
0553575058,8.0,3
0553575554,8.0,3
0553576550,8.0,3
0553577255,8.0,3
0553578588,8.0,3
0553582410,8.0,3
0571146333,8.0,3
059004513X,8.0,3
0590228544,8.0,3
059087764X,8.0,3
067100185X,8.0,3
0671019015,8.0,3
0671026291,8.0,3
0671027948,8.0,3
0671033085,8.0,3
0671035770,8.0,3
0671460838,8.0,3
0671520369,8.0,3
0671531409,8.0,3
0671606859,8.0,3
0671634984,8.0,3
0671648446,8.0,3
0671656589,8.0,3
0671702610,8.0,3
0671722972,8.0,3
0671725661,8.0,3
0671793896,8.0,3
067181785X,8.0,3
0671876198,8.0,3
0671880454,8.0,3
0671883658,8.0,3
0671897020,8.0,3
0679411267,8.0,3
0679736328,8.0,3
0679745661,8.0,3
0679759328,8.0,3
0684813440,8.0,3
0684815672,8.0,3
0684824299,8.0,3
0684838648,8.0,3
068483958X,8.0,3
0684863324,8.0,3
0684867419,8.0,3
0688089291,8.0,3
0689704488,8.0,3
0696000121,8.0,3
0740700316,8.0,3
0743239628,8.0,3
0743410327,8.0,3
0747531536,8.0,3
0753804611,8.0,3
0753811464,8.0,3
0758204302,8.0,3
0761518045,8.0,3
0786887176,8.0,3
0786915889,8.0,3
0804112118,8.0,3
0804118906,8.0,3
0805022961,8.0,3
0805054952,8.0,3
0805063579,8.0,3
0807281948,8.0,3
0807551414,8.0,3
0812519671,8.0,3
0812545397,8.0,3
0812570758,8.0,3
0812589165,8.0,3
0812589173,8.0,3
082171337X,8.0,3
082177140X,8.0,3
0822956705,8.0,3
084233596X,8.0,3
0843177047,8.0,3
0843947020,8.0,3
0849917735,8.0,3
0871137194,8.0,3
0879979070,8.0,3
0892290021,8.0,3
0918949246,8.0,3
0920897533,8.0,3
0943151031,8.0,3
0971904774,8.0,3
1551660350,8.0,3
1555832687,8.0,3
1559613874,8.0,3
1561451010,8.0,3
1562470043,8.0,3
156389517X,8.0,3
1565040783,8.0,3
1565048032,8.0,3
1565120310,8.0,3
1565122054,8.0,3
1573226254,8.0,3
1573226971,8.0,3
1573228834,8.0,3
157324175X,8.0,3
1577310934,8.0,3
1580082718,8.0,3
1583940286,8.0,3
1591827191,8.0,3
1593071639,8.0,3
1840242884,8.0,3
1853260517,8.0,3
1878574590,8.0,3
1887317007,8.0,3
1887317155,8.0,3
1892669226,8.0,3
1893329127,8.0,3
202010931X,8.0,3
2070364771,8.0,3
207071392X,8.0,3
2253002933,8.0,3
2253002941,8.0,3
2290336939,8.0,3
2844121578,8.0,3
3379015431,8.0,3
3404146697,8.0,3
3442449146,8.0,3
3442541425,8.0,3
3499221489,8.0,3
351818802X,8.0,3
3548254152,8.0,3
3822504998,8.0,3
8437604184,8.0,3
8484036383,8.0,3
0060089539,8.0,2
0060185082,8.0,2
0060394455,8.0,2
0060512180,8.0,2
0060952784,8.0,2
0060953101,8.0,2
0060965517,8.0,2
0062511173,8.0,2
0099279347,8.0,2
0140041141,8.0,2
0140113096,8.0,2
0140149074,8.0,2
0140167064,8.0,2
014017186X,8.0,2
0140187863,8.0,2
0140432051,8.0,2
0140434232,8.0,2
0142003794,8.0,2
0146000129,8.0,2
015600125X,8.0,2
0312203241,8.0,2
0312241984,8.0,2
0312327641,8.0,2
0312974728,8.0,2
0316277959,8.0,2
0330020706,8.0,2
0330020722,8.0,2
0340276274,8.0,2
0340718811,8.0,2
0373185189,8.0,2
0373227205,8.0,2
0373790686,8.0,2
0374522243,8.0,2
0375404910,8.0,2
037550852X,8.0,2
0375701141,8.0,2
0380008971,8.0,2
0380706725,8.0,2
0380707799,8.0,2
0380755017,8.0,2
0380789140,8.0,2
0380795310,8.0,2
0380803739,8.0,2
0380804670,8.0,2
0380809354,8.0,2
0380973812,8.0,2
0385317042,8.0,2
0385494327,8.0,2
0394569652,8.0,2
0395585643,8.0,2
0399139087,8.0,2
0425159442,8.0,2
0425177181,8.0,2
0425178285,8.0,2
0439096987,8.0,2
0439217539,8.0,2
0439456983,8.0,2
0440218012,8.0,2
0440225892,8.0,2
0440235715,8.0,2
0440237920,8.0,2
0440240948,8.0,2
0441894674,8.0,2
0446340952,8.0,2
0446400947,8.0,2
0446600261,8.0,2
0446602108,8.0,2
0446607444,8.0,2
0446690309,8.0,2
0446690589,8.0,2
0449224406,8.0,2
0451162218,8.0,2
0451185439,8.0,2
0451409132,8.0,2
0451521269,8.0,2
0451521323,8.0,2
0451522303,8.0,2
0451525647,8.0,2
051511801X,8.0,2
0515121827,8.0,2
0515126500,8.0,2
0517882213,8.0,2
0525946497,8.0,2
055311106X,8.0,2
0553151959,8.0,2
0553211951,8.0,2
055324504X,8.0,2
0553276891,8.0,2
055338029X,8.0,2
0553573152,8.0,2
056353723X,8.0,2
0571149030,8.0,2
0590442929,8.0,2
0590447874,8.0,2
0590479172,8.0,2
0590629824,8.0,2
0670866717,8.0,2
0670879630,8.0,2
0670894788,8.0,2
0671010115,8.0,2
0671026852,8.0,2
0671034251,8.0,2
0671038540,8.0,2
0671040677,8.0,2
067144977X,8.0,2
0671517422,8.0,2
0671556649,8.0,2
0671569023,8.0,2
0671619055,8.0,2
0671707701,8.0,2
0671721658,8.0,2
067187876X,8.0,2
0679727779,8.0,2
0679749519,8.0,2
0684857022,8.0,2
0688177875,8.0,2
0689831412,8.0,2
0698118804,8.0,2
0698119185,8.0,2
0717802418,8.0,2
0743202198,8.0,2
0743220366,8.0,2
0743464656,8.0,2
0746030517,8.0,2
0750005815,8.0,2
0767903501,8.0,2
0785274405,8.0,2
0786867655,8.0,2
0802136303,8.0,2
0804108811,8.0,2
080411286X,8.0,2
0812504364,8.0,2
0812504755,8.0,2
0812505069,8.0,2
0812516621,8.0,2
0812921135,8.0,2
0816722595,8.0,2
0821228307,8.0,2
0842353844,8.0,2
0843105593,8.0,2
0848716183,8.0,2
0849943477,8.0,2
0867204281,8.0,2
0871132109,8.0,2
0872860884,8.0,2
0879051213,8.0,2
0883964481,8.0,2
089375403X,8.0,2
0913089257,8.0,2
0916441865,8.0,2
0974381403,8.0,2
1400040272,8.0,2
1551665484,8.0,2
1557483469,8.0,2
1558743545,8.0,2
1563053144,8.0,2
1573222631,8.0,2
1582340269,8.0,2
1582342113,8.0,2
1582431795,8.0,2
1588720004,8.0,2
1593080654,8.0,2
1853260142,8.0,2
1853261181,8.0,2
1854582747,8.0,2
1857989996,8.0,2
1858286999,8.0,2
1902602323,8.0,2
2020219492,8.0,2
2070392643,8.0,2
2070409848,8.0,2
2070424197,8.0,2
225314911X,8.0,2
3257203659,8.0,2
325722706X,8.0,2
3257229518,8.0,2
3404203682,8.0,2
3442066174,8.0,2
3442091411,8.0,2
3442439043,8.0,2
3442445736,8.0,2
3462028537,8.0,2
3492227074,8.0,2
3492260799,8.0,2
3548252427,8.0,2
3551515786,8.0,2
3596200547,8.0,2
8433914774,8.0,2
8472237699,8.0,2
8806116770,8.0,2
8838914052,8.0,2
0060956135,8.0,1
0062514377,8.0,1
0140013873,8.0,1
0140043888,8.0,1
0140060065,8.0,1
0140060871,8.0,1
0140094512,8.0,1
0140231137,8.0,1
0140283684,8.0,1
0140292942,8.0,1
0140369007,8.0,1
0201121948,8.0,1
0226038130,8.0,1
0226500616,8.0,1
0312868278,8.0,1
0330273949,8.0,1
0330282565,8.0,1
0340734124,8.0,1
0345433297,8.0,1
037348478X,8.0,1
037570633X,8.0,1
0380783568,8.0,1
0380978369,8.0,1
0394551419,8.0,1
0394757653,8.0,1
0441009166,8.0,1
0441379702,8.0,1
0451197011,8.0,1
0451204670,8.0,1
0552143014,8.0,1
0553070282,8.0,1
0553104829,8.0,1
0553269739,8.0,1
0553275186,8.0,1
0553379798,8.0,1
0553583999,8.0,1
0590129988,8.0,1
0590438689,8.0,1
0670875708,8.0,1
0671023012,8.0,1
0671529986,8.0,1
0674447468,8.0,1
0679415602,8.0,1
0679434828,8.0,1
067972902X,8.0,1
0684841894,8.0,1
0702233455,8.0,1
0743223136,8.0,1
0750227303,8.0,1
0752819623,8.0,1
0754107035,8.0,1
075966661X,8.0,1
0766607127,8.0,1
0802117066,8.0,1
0805042180,8.0,1
0812511271,8.0,1
082177364X,8.0,1
0822522772,8.0,1
0843105550,8.0,1
0843178116,8.0,1
0930330129,8.0,1
0968677657,8.0,1
0973248505,8.0,1
1400030773,8.0,1
1400031311,8.0,1
1401042627,8.0,1
1414033435,8.0,1
1571973036,8.0,1
1575660679,8.0,1
1575663988,8.0,1
1586482181,8.0,1
1841766100,8.0,1
1842772813,8.0,1
1885211651,8.0,1
2020551322,8.0,1
2070567842,8.0,1
2253076996,8.0,1
2266118536,8.0,1
3257230052,8.0,1
3423085592,8.0,1
3423706716,8.0,1
3426617048,8.0,1
3426618664,8.0,1
3442352355,8.0,1
3442438241,8.0,1
3442444047,8.0,1
3442445515,8.0,1
3442454840,8.0,1
3442541077,8.0,1
3453061152,8.0,1
345312507X,8.0,1
3453158814,8.0,1
3453870344,8.0,1
347352025X,8.0,1
3492225926,8.0,1
3596108977,8.0,1
3596112664,8.0,1
3596152267,8.0,1
8401476720,8.0,1
8403092903,8.0,1
8420646717,8.0,1
8432206237,8.0,1
8433914871,8.0,1
8449500435,8.0,1
8466300473,8.0,1
8470395289,8.0,1
8478442588,8.0,1
8483100959,8.0,1
8806162160,8.0,1
8807811987,8.0,1
8807812797,8.0,1
8817844330,8.0,1
887641486X,8.0,1
9500718863,8.0,1
9723702916,8.0,1
9871106181,8.0,1
0007105665,7.666666666666667,3
0030491916,7.666666666666667,3
0060004703,7.666666666666667,3
0060087439,7.666666666666667,3
0060158654,7.666666666666667,3
0060179449,7.666666666666667,3
0060193123,7.666666666666667,3
0060511885,7.666666666666667,3
0060520825,7.666666666666667,3
0060663006,7.666666666666667,3
0060675187,7.666666666666667,3
0060910690,7.666666666666667,3
0060920335,7.666666666666667,3
0060930179,7.666666666666667,3
0060930993,7.666666666666667,3
0060956658,7.666666666666667,3
0060974680,7.666666666666667,3
0061015628,7.666666666666667,3
0061031097,7.666666666666667,3
0061032158,7.666666666666667,3
0061056448,7.666666666666667,3
0061094471,7.666666666666667,3
0061096644,7.666666666666667,3
0061097187,7.666666666666667,3
0061099147,7.666666666666667,3
0062515160,7.666666666666667,3
0062516841,7.666666666666667,3
0064406512,7.666666666666667,3
0064440206,7.666666666666667,3
0066210666,7.666666666666667,3
0140150447,7.666666666666667,3
0140150773,7.666666666666667,3
014039057X,7.666666666666667,3
0140441921,7.666666666666667,3
0140707107,7.666666666666667,3
0140714154,7.666666666666667,3
0142001848,7.666666666666667,3
014200443X,7.666666666666667,3
0156027402,7.666666666666667,3
0192823523,7.666666666666667,3
0192833944,7.666666666666667,3
0226458083,7.666666666666667,3
0307100197,7.666666666666667,3
030712584X,7.666666666666667,3
0307231038,7.666666666666667,3
0307988724,7.666666666666667,3
0310228980,7.666666666666667,3
0310425115,7.666666666666667,3
0312119240,7.666666666666667,3
031213441X,7.666666666666667,3
031220339X,7.666666666666667,3
0312203543,7.666666666666667,3
0312290888,7.666666666666667,3
0312523262,7.666666666666667,3
0312860137,7.666666666666667,3
0312869592,7.666666666666667,3
0312959788,7.666666666666667,3
0312963815,7.666666666666667,3
0312974922,7.666666666666667,3
0312975767,7.666666666666667,3
0312976801,7.666666666666667,3
0312979509,7.666666666666667,3
0312981201,7.666666666666667,3
0312982143,7.666666666666667,3
0312982313,7.666666666666667,3
0316095648,7.666666666666667,3
0316314781,7.666666666666667,3
0330287656,7.666666666666667,3
0330323768,7.666666666666667,3
0330342681,7.666666666666667,3
0345309049,7.666666666666667,3
0345319281,7.666666666666667,3
0345320328,7.666666666666667,3
0345375351,7.666666666666667,3
0345433173,7.666666666666667,3
0373077742,7.666666666666667,3
0373227396,7.666666666666667,3
0373245505,7.666666666666667,3
0373258984,7.666666666666667,3
0373264739,7.666666666666667,3
037327209X,7.666666666666667,3
0373290888,7.666666666666667,3
0373290926,7.666666666666667,3
0373291019,7.666666666666667,3
0373291221,7.666666666666667,3
0373613601,7.666666666666667,3
0373707657,7.666666666666667,3
037376474X,7.666666666666667,3
0373790465,7.666666666666667,3
0373834101,7.666666666666667,3
0373836023,7.666666666666667,3
0374521956,7.666666666666667,3
0375400060,7.666666666666667,3
0375400184,7.666666666666667,3
0375401946,7.666666666666667,3
0375407707,7.666666666666667,3
037541620X,7.666666666666667,3
037542167X,7.666666666666667,3
0375503757,7.666666666666667,3
0375704051,7.666666666666667,3
0375704426,7.666666666666667,3
0380755025,7.666666666666667,3
0380771691,7.666666666666667,3
0380790890,7.666666666666667,3
0380798921,7.666666666666667,3
0380803305,7.666666666666667,3
0380818604,7.666666666666667,3
0380973804,7.666666666666667,3
0380975009,7.666666666666667,3
038097505X,7.666666666666667,3
0380976404,7.666666666666667,3
0380978210,7.666666666666667,3
0385073534,7.666666666666667,3
0385292244,7.666666666666667,3
0385323816,7.666666666666667,3
038548237X,7.666666666666667,3
038548853X,7.666666666666667,3
0385488858,7.666666666666667,3
0393097544,7.666666666666667,3
0393321320,7.666666666666667,3
039454689X,7.666666666666667,3
0394584325,7.666666666666667,3
0394717058,7.666666666666667,3
0394729854,7.666666666666667,3
039914059X,7.666666666666667,3
0399144471,7.666666666666667,3
0399144900,7.666666666666667,3
0425067793,7.666666666666667,3
0425168697,7.666666666666667,3
0425171094,7.666666666666667,3
0425172686,7.666666666666667,3
0439078059,7.666666666666667,3
0439217504,7.666666666666667,3
0440237041,7.666666666666667,3
0440411238,7.666666666666667,3
0440507049,7.666666666666667,3
0441005144,7.666666666666667,3
0441006159,7.666666666666667,3
0441006817,7.666666666666667,3
0441011462,7.666666666666667,3
0441759904,7.666666666666667,3
0441769772,7.666666666666667,3
0445204524,7.666666666666667,3
0446404594,7.666666666666667,3
044652106X,7.666666666666667,3
0446602566,7.666666666666667,3
0446603902,7.666666666666667,3
0446609390,7.666666666666667,3
044809522X,7.666666666666667,3
0448095238,7.666666666666667,3
0449004244,7.666666666666667,3
0449200906,7.666666666666667,3
0449212718,7.666666666666667,3
0449224619,7.666666666666667,3
0449912752,7.666666666666667,3
0451165675,7.666666666666667,3
0451183193,7.666666666666667,3
0451184149,7.666666666666667,3
0451196864,7.666666666666667,3
0451199448,7.666666666666667,3
0451202791,7.666666666666667,3
0451401859,7.666666666666667,3
0451405021,7.666666666666667,3
0451407482,7.666666666666667,3
0451450604,7.666666666666667,3
0451456076,7.666666666666667,3
0451519124,7.666666666666667,3
0451523210,7.666666666666667,3
0451524411,7.666666666666667,3
0451525078,7.666666666666667,3
0451527402,7.666666666666667,3
0451527860,7.666666666666667,3
0451528204,7.666666666666667,3
0452259436,7.666666666666667,3
0452265819,7.666666666666667,3
0452278821,7.666666666666667,3
0452284805,7.666666666666667,3
0453007864,7.666666666666667,3
0486206912,7.666666666666667,3
0486275620,7.666666666666667,3
050552094X,7.666666666666667,3
0505523531,7.666666666666667,3
0515088757,7.666666666666667,3
0515092266,7.666666666666667,3
0515117927,7.666666666666667,3
0515130397,7.666666666666667,3
0515134376,7.666666666666667,3
0517006456,7.666666666666667,3
0517091267,7.666666666666667,3
0517701766,7.666666666666667,3
0523424671,7.666666666666667,3
0525444432,7.666666666666667,3
0525945431,7.666666666666667,3
055309677X,7.666666666666667,3
0553131796,7.666666666666667,3
0553158597,7.666666666666667,3
0553208799,7.666666666666667,3
0553277375,7.666666666666667,3
0553291254,7.666666666666667,3
0553293125,7.666666666666667,3
055356045X,7.666666666666667,3
0553571591,7.666666666666667,3
0553576607,7.666666666666667,3
0553577778,7.666666666666667,3
055357874X,7.666666666666667,3
0553580183,7.666666666666667,3
0571194087,7.666666666666667,3
0571210708,7.666666666666667,3
059044333X,7.666666666666667,3
0593044797,7.666666666666667,3
0609604902,7.666666666666667,3
0609606948,7.666666666666667,3
0609608533,7.666666666666667,3
0609808893,7.666666666666667,3
0618153985,7.666666666666667,3
067003259X,7.666666666666667,3
0670837652,7.666666666666667,3
0670843318,7.666666666666667,3
0670856045,7.666666666666667,3
0670871931,7.666666666666667,3
0671020803,7.666666666666667,3
0671020978,7.666666666666667,3
0671035835,7.666666666666667,3
0671039199,7.666666666666667,3
0671041630,7.666666666666667,3
0671042750,7.666666666666667,3
0671042793,7.666666666666667,3
0671250930,7.666666666666667,3
0671465341,7.666666666666667,3
0671502859,7.666666666666667,3
0671556657,7.666666666666667,3
0671578529,7.666666666666667,3
0671612093,7.666666666666667,3
0671637797,7.666666666666667,3
0671677144,7.666666666666667,3
0671682830,7.666666666666667,3
0671689126,7.666666666666667,3
0671693646,7.666666666666667,3
0671722808,7.666666666666667,3
0671744283,7.666666666666667,3
0671775391,7.666666666666667,3
0671791931,7.666666666666667,3
0671823035,7.666666666666667,3
0671887955,7.666666666666667,3
0671889869,7.666666666666667,3
0679451250,7.666666666666667,3
0679722378,7.666666666666667,3
0679740198,7.666666666666667,3
0679756760,7.666666666666667,3
0684174871,7.666666666666667,3
0684800233,7.666666666666667,3
0684807548,7.666666666666667,3
0684810484,7.666666666666667,3
0684823853,7.666666666666667,3
0684824779,7.666666666666667,3
0684852195,7.666666666666667,3
0688040330,7.666666666666667,3
0688046185,7.666666666666667,3
0688160670,7.666666666666667,3
0688163033,7.666666666666667,3
0688175724,7.666666666666667,3
0688221149,7.666666666666667,3
0694522112,7.666666666666667,3
0743204239,7.666666666666667,3
0743217772,7.666666666666667,3
0743233034,7.666666666666667,3
0743417720,7.666666666666667,3
0743436121,7.666666666666667,3
0743437403,7.666666666666667,3
0743451538,7.666666666666667,3
0743482530,7.666666666666667,3
0747261148,7.666666666666667,3
0747528985,7.666666666666667,3
075820390X,7.666666666666667,3
0761121102,7.666666666666667,3
0762413697,7.666666666666667,3
0765343428,7.666666666666667,3
0767904516,7.666666666666667,3
0767906551,7.666666666666667,3
0771079567,7.666666666666667,3
0786015136,7.666666666666667,3
0786222743,7.666666666666667,3
0786705337,7.666666666666667,3
0786884029,7.666666666666667,3
0802136265,7.666666666666667,3
0802733794,7.666666666666667,3
0806963085,7.666666666666667,3
0807576743,7.666666666666667,3
0809122774,7.666666666666667,3
0809236575,7.666666666666667,3
081183140X,7.666666666666667,3
0812508424,7.666666666666667,3
0812543971,7.666666666666667,3
081255731X,7.666666666666667,3
0812968727,7.666666666666667,3
0816719160,7.666666666666667,3
0821725025,7.666666666666667,3
0821739220,7.666666666666667,3
0821768433,7.666666666666667,3
0842332367,7.666666666666667,3
0843944242,7.666666666666667,3
0843949988,7.666666666666667,3
0843951346,7.666666666666667,3
0843951427,7.666666666666667,3
0848716868,7.666666666666667,3
0849937035,7.666666666666667,3
0865475784,7.666666666666667,3
0871137771,7.666666666666667,3
0871318156,7.666666666666667,3
0872860744,7.666666666666667,3
0875421377,7.666666666666667,3
0886772303,7.666666666666667,3
0886779766,7.666666666666667,3
0892815590,7.666666666666667,3
0894807633,7.666666666666667,3
0895261642,7.666666666666667,3
0895296314,7.666666666666667,3
0895298163,7.666666666666667,3
0895773066,7.666666666666667,3
089608129X,7.666666666666667,3
0898796830,7.666666666666667,3
0921912978,7.666666666666667,3
0937295132,7.666666666666667,3
0937750239,7.666666666666667,3
0965036022,7.666666666666667,3
096520443X,7.666666666666667,3
0967673712,7.666666666666667,3
0971156905,7.666666666666667,3
0974537616,7.666666666666667,3
1400047242,7.666666666666667,3
1551663023,7.666666666666667,3
1551664364,7.666666666666667,3
1551665735,7.666666666666667,3
1551667533,7.666666666666667,3
1557832307,7.666666666666667,3
1559701331,7.666666666666667,3
156097432X,7.666666666666667,3
1562920332,7.666666666666667,3
1563410443,7.666666666666667,3
1563892790,7.666666666666667,3
1564144992,7.666666666666667,3
1564767868,7.666666666666667,3
1565922603,7.666666666666667,3
156686903X,7.666666666666667,3
1568582196,7.666666666666667,3
1569319472,7.666666666666667,3
1569319480,7.666666666666667,3
1570428212,7.666666666666667,3
1570428581,7.666666666666667,3
1571310169,7.666666666666667,3
1573222151,7.666666666666667,3
1573228729,7.666666666666667,3
1576733971,7.666666666666667,3
1582432252,7.666666666666667,3
1584855207,7.666666666666667,3
1585421359,7.666666666666667,3
1585671487,7.666666666666667,3
1586601350,7.666666666666667,3
1591450748,7.666666666666667,3
1591820340,7.666666666666667,3
1840224002,7.666666666666667,3
1853260355,7.666666666666667,3
1853261394,7.666666666666667,3
1857993284,7.666666666666667,3
1859845010,7.666666666666667,3
1869504917,7.666666666666667,3
1878067583,7.666666666666667,3
1889752061,7.666666666666667,3
1891830198,7.666666666666667,3
1892213001,7.666666666666667,3
1931514941,7.666666666666667,3
1931514976,7.666666666666667,3
2070380343,7.666666666666667,3
2070386023,7.666666666666667,3
2070731405,7.666666666666667,3
225303598X,7.666666666666667,3
2742739351,7.666666666666667,3
2843371937,7.666666666666667,3
2869305583,7.666666666666667,3
2869306555,7.666666666666667,3
3257204833,7.666666666666667,3
3404259246,7.666666666666667,3
3518388746,7.666666666666667,3
4311700024,7.666666666666667,3
8401479436,7.666666666666667,3
8420441694,7.666666666666667,3
8466300554,7.666666666666667,3
8495501783,7.666666666666667,3
000651202X,7.5,2
0006512062,7.5,2
0006547613,7.5,2
0026890380,7.5,2
0028604458,7.5,2
006017322X,7.5,2
0060927518,7.5,2
0060932090,7.5,2
0061014095,7.5,2
006103200X,7.5,2
0061065781,7.5,2
0061098124,7.5,2
0062500171,7.5,2
0066211484,7.5,2
0071352430,7.5,2
0091802067,7.5,2
0140042326,7.5,2
0140049479,7.5,2
0140088199,7.5,2
0140104801,7.5,2
0140157115,7.5,2
0140158073,7.5,2
0140186301,7.5,2
0140247300,7.5,2
0140254501,7.5,2
0140282629,7.5,2
0140282696,7.5,2
0140283404,7.5,2
0140314067,7.5,2
0140328726,7.5,2
0140367357,7.5,2
0140380361,7.5,2
0140430539,7.5,2
0140443290,7.5,2
0140481850,7.5,2
0141003944,7.5,2
0152007822,7.5,2
0156004771,7.5,2
0156806797,7.5,2
0192834401,7.5,2
0192838717,7.5,2
0195108973,7.5,2
0198661320,7.5,2
0226534154,7.5,2
0307160491,7.5,2
0307628442,7.5,2
0310405009,7.5,2
0312033095,7.5,2
0312151144,7.5,2
0312205872,7.5,2
0312207727,7.5,2
031227307X,7.5,2
0312860129,7.5,2
0312964781,7.5,2
0312971087,7.5,2
0312976887,7.5,2
0316881716,7.5,2
0316955167,7.5,2
0330357808,7.5,2
0340695900,7.5,2
0340794682,7.5,2
034540792X,7.5,2
0345430352,7.5,2
0345440005,7.5,2
0345445910,7.5,2
0349115087,7.5,2
0373030274,7.5,2
0373226373,7.5,2
037344141X,7.5,2
0373835698,7.5,2
0374281866,7.5,2
0375704434,7.5,2
0375704779,7.5,2
0375758615,7.5,2
0380705648,7.5,2
0380896354,7.5,2
0385094787,7.5,2
0385315066,7.5,2
038531986X,7.5,2
0385419937,7.5,2
0385480210,7.5,2
0385485662,7.5,2
0393037606,7.5,2
0393308839,7.5,2
0394713788,7.5,2
0394741048,7.5,2
0395826578,7.5,2
039914594X,7.5,2
0399147837,7.5,2
0399504338,7.5,2
0399527737,7.5,2
0425046885,7.5,2
0425070131,7.5,2
0425146197,7.5,2
0425173089,7.5,2
0435271563,7.5,2
0440159016,7.5,2
0440211158,7.5,2
0440215560,7.5,2
0440223814,7.5,2
0440225744,7.5,2
0440229103,7.5,2
0440236010,7.5,2
0440410010,7.5,2
0440411394,7.5,2
0440508363,7.5,2
0441516629,7.5,2
0446518042,7.5,2
0446519693,7.5,2
0446525685,7.5,2
0446601756,7.5,2
0449149560,7.5,2
0449209628,7.5,2
0449909433,7.5,2
0451204379,7.5,2
0451451805,7.5,2
0451456068,7.5,2
0451526066,7.5,2
0452272408,7.5,2
0505523418,7.5,2
0517073919,7.5,2
0517577631,7.5,2
0525945180,7.5,2
0525946241,7.5,2
0525947345,7.5,2
0531058379,7.5,2
0553050672,7.5,2
0553096982,7.5,2
055311073X,7.5,2
0553213938,7.5,2
0553227599,7.5,2
055325233X,7.5,2
0553252348,7.5,2
0553253123,7.5,2
0553275607,7.5,2
0553278134,7.5,2
0553293419,7.5,2
0553378910,7.5,2
055356658X,7.5,2
0553578170,7.5,2
0571193218,7.5,2
0590424564,7.5,2
0590436031,7.5,2
0590472984,7.5,2
0590483129,7.5,2
0590494414,7.5,2
0590554107,7.5,2
0609805444,7.5,2
0609807420,7.5,2
0618059458,7.5,2
0670826928,7.5,2
0671015702,7.5,2
0671017470,7.5,2
0671021214,7.5,2
0671027743,7.5,2
0671028200,7.5,2
0671034944,7.5,2
0671042718,7.5,2
0671504207,7.5,2
0671540882,7.5,2
0671626191,7.5,2
0671648136,7.5,2
0671667033,7.5,2
0671689495,7.5,2
0671708163,7.5,2
0671732552,7.5,2
0671784684,7.5,2
0671878611,7.5,2
0671896946,7.5,2
0679418334,7.5,2
0679438890,7.5,2
0679439242,7.5,2
0679441883,7.5,2
068480123X,7.5,2
0684807610,7.5,2
0684870819,7.5,2
0688139752,7.5,2
0688160344,7.5,2
0688178456,7.5,2
0694014532,7.5,2
0712678212,7.5,2
074321269X,7.5,2
074322650X,7.5,2
0743411412,7.5,2
0743458036,7.5,2
0743464834,7.5,2
0747231486,7.5,2
0747249598,7.5,2
0747264929,7.5,2
0751505951,7.5,2
0751518042,7.5,2
0756401607,7.5,2
0763618489,7.5,2
0764224522,7.5,2
0764224530,7.5,2
0767912950,7.5,2
0767913744,7.5,2
0773755160,7.5,2
0778320073,7.5,2
0782126472,7.5,2
0786710624,7.5,2
0786803398,7.5,2
0786862343,7.5,2
0801852447,7.5,2
0804110867,7.5,2
0804118213,7.5,2
0805003541,7.5,2
0811210278,7.5,2
0811816281,7.5,2
0812524160,7.5,2
0812545206,7.5,2
0812550463,7.5,2
0821752286,7.5,2
0821773763,7.5,2
0822218275,7.5,2
0836221796,7.5,2
0843941502,7.5,2
084991759X,7.5,2
0860682838,7.5,2
0864923155,7.5,2
0870113992,7.5,2
0871131447,7.5,2
087113635X,7.5,2
0877853959,7.5,2
0879238526,7.5,2
0879979283,7.5,2
0886773628,7.5,2
0886773733,7.5,2
0886779154,7.5,2
0887309143,7.5,2
0896087247,7.5,2
0920256368,7.5,2
0920663796,7.5,2
0961512911,7.5,2
0963198106,7.5,2
0965093670,7.5,2
1551665700,7.5,2
1551666057,7.5,2
1551669242,7.5,2
1560766425,7.5,2
1560974109,7.5,2
1561384186,7.5,2
1561731412,7.5,2
1574862537,7.5,2
1576734560,7.5,2
1576736288,7.5,2
1576737462,7.5,2
1578562333,7.5,2
1578565677,7.5,2
1582293376,7.5,2
1586480081,7.5,2
1586609726,7.5,2
1591823935,7.5,2
1853719765,7.5,2
1858284422,7.5,2
1858284597,7.5,2
2070364178,7.5,2
2070364852,7.5,2
2253047147,7.5,2
2266027255,7.5,2
2266047450,7.5,2
2290315478,7.5,2
2738107915,7.5,2
3150083575,7.5,2
3251004263,7.5,2
3404116755,7.5,2
3404134532,7.5,2
3426075490,7.5,2
3426618672,7.5,2
3426624680,7.5,2
342677609X,7.5,2
344223686X,7.5,2
3442414806,7.5,2
3442415519,7.5,2
3442416523,7.5,2
3442439973,7.5,2
344244084X,7.5,2
3442452368,7.5,2
3442727529,7.5,2
3446202102,7.5,2
3453136411,7.5,2
3453160819,7.5,2
3453162897,7.5,2
3492215416,7.5,2
3492228224,7.5,2
3492229336,7.5,2
3492270409,7.5,2
3548203604,7.5,2
3550071671,7.5,2
3596127483,7.5,2
3596130417,7.5,2
3596132398,7.5,2
3596133319,7.5,2
3596214572,7.5,2
3746616360,7.5,2
3829028911,7.5,2
840101297X,7.5,2
8401463335,7.5,2
8420480797,7.5,2
8433906801,7.5,2
8475890164,7.5,2
8806134817,7.5,2
8806161741,7.5,2
8807804506,7.5,2
9074336086,7.5,2
9074336396,7.5,2
0020223722,7.333333333333333,3
0028625757,7.333333333333333,3
0060159081,7.333333333333333,3
0060171316,7.333333333333333,3
0060177209,7.333333333333333,3
0060192801,7.333333333333333,3
0060241012,7.333333333333333,3
006054094X,7.333333333333333,3
0060548274,7.333333333333333,3
0060580208,7.333333333333333,3
0060800712,7.333333333333333,3
0060812508,7.333333333333333,3
0060900075,7.333333333333333,3
0060915439,7.333333333333333,3
0060916516,7.333333333333333,3
0060916613,7.333333333333333,3
0060927208,7.333333333333333,3
0060933429,7.333333333333333,3
0061001058,7.333333333333333,3
0061032476,7.333333333333333,3
0061042757,7.333333333333333,3
0061059048,7.333333333333333,3
0061081841,7.333333333333333,3
0061083089,7.333333333333333,3
0062500287,7.333333333333333,3
0062513982,7.333333333333333,3
006440580X,7.333333333333333,3
006447027X,7.333333333333333,3
0135729823,7.333333333333333,3
0140004211,7.333333333333333,3
0140033025,7.333333333333333,3
0140075577,7.333333333333333,3
0140096922,7.333333333333333,3
0140123083,7.333333333333333,3
0140124195,7.333333333333333,3
0140131604,7.333333333333333,3
0140138870,7.333333333333333,3
0140171916,7.333333333333333,3
0140173765,7.333333333333333,3
014017530X,7.333333333333333,3
0140187405,7.333333333333333,3
0140187642,7.333333333333333,3
0140231730,7.333333333333333,3
0140232370,7.333333333333333,3
0140235507,7.333333333333333,3
0140262474,7.333333333333333,3
0140289690,7.333333333333333,3
0140298401,7.333333333333333,3
0140309586,7.333333333333333,3
014035039X,7.333333333333333,3
0140367462,7.333333333333333,3
0140431209,7.333333333333333,3
0141308109,7.333333333333333,3
0141311096,7.333333333333333,3
0151004145,7.333333333333333,3
0151004439,7.333333333333333,3
0152012842,7.333333333333333,3
0192810529,7.333333333333333,3
0195003640,7.333333333333333,3
0226474844,7.333333333333333,3
0226677141,7.333333333333333,3
0307215423,7.333333333333333,3
0307262073,7.333333333333333,3
0307301206,7.333333333333333,3
0312120001,7.333333333333333,3
0312132204,7.333333333333333,3
0312186967,7.333333333333333,3
0312187777,7.333333333333333,3
031226481X,7.333333333333333,3
0312289189,7.333333333333333,3
0312313195,7.333333333333333,3
0312866348,7.333333333333333,3
0312874502,7.333333333333333,3
0312890532,7.333333333333333,3
0312953607,7.333333333333333,3
0312957890,7.333333333333333,3
0312963890,7.333333333333333,3
0312964293,7.333333333333333,3
0312966571,7.333333333333333,3
0312968647,7.333333333333333,3
0312973071,7.333333333333333,3
0312975147,7.333333333333333,3
0312979274,7.333333333333333,3
0316116106,7.333333333333333,3
0316117064,7.333333333333333,3
0316354724,7.333333333333333,3
0316358312,7.333333333333333,3
0316358347,7.333333333333333,3
0316358398,7.333333333333333,3
0316358495,7.333333333333333,3
0316358509,7.333333333333333,3
0330337394,7.333333333333333,3
0333761294,7.333333333333333,3
0345260627,7.333333333333333,3
0345260708,7.333333333333333,3
0345281721,7.333333333333333,3
0345295064,7.333333333333333,3
0345302745,7.333333333333333,3
0345323335,7.333333333333333,3
0345336976,7.333333333333333,3
0345337964,7.333333333333333,3
0345402944,7.333333333333333,3
0345415035,7.333333333333333,3
0345429184,7.333333333333333,3
0345435184,7.333333333333333,3
0345443454,7.333333333333333,3
0345446100,7.333333333333333,3
0345448286,7.333333333333333,3
0345455320,7.333333333333333,3
0373097549,7.333333333333333,3
0373098537,7.333333333333333,3
0373168705,7.333333333333333,3
0373218265,7.333333333333333,3
0373226594,7.333333333333333,3
0373243685,7.333333333333333,3
0373244592,7.333333333333333,3
0373262957,7.333333333333333,3
0373289367,7.333333333333333,3
0373482957,7.333333333333333,3
0373483325,7.333333333333333,3
0373706901,7.333333333333333,3
0373709188,7.333333333333333,3
0373709331,7.333333333333333,3
0373709722,7.333333333333333,3
0373764316,7.333333333333333,3
0373765371,7.333333333333333,3
0373765797,7.333333333333333,3
0373790597,7.333333333333333,3
0373790783,7.333333333333333,3
0373825072,7.333333333333333,3
0373971087,7.333333333333333,3
0374173273,7.333333333333333,3
0374267812,7.333333333333333,3
0375404120,7.333333333333333,3
037541181X,7.333333333333333,3
0375507760,7.333333333333333,3
0375508716,7.333333333333333,3
0375700668,7.333333333333333,3
0375702032,7.333333333333333,3
0375704264,7.333333333333333,3
0375713913,7.333333333333333,3
0375727434,7.333333333333333,3
0375757325,7.333333333333333,3
0375760245,7.333333333333333,3
0375803017,7.333333333333333,3
0380018446,7.333333333333333,3
0380703343,7.333333333333333,3
0380708922,7.333333333333333,3
0380711982,7.333333333333333,3
0380713756,7.333333333333333,3
0380722178,7.333333333333333,3
0380731622,7.333333333333333,3
038076878X,7.333333333333333,3
0380789957,7.333333333333333,3
0380790289,7.333333333333333,3
0380792893,7.333333333333333,3
0380794810,7.333333333333333,3
0380799383,7.333333333333333,3
038081837X,7.333333333333333,3
0380860333,7.333333333333333,3
0380896362,7.333333333333333,3
0385031386,7.333333333333333,3
0385047711,7.333333333333333,3
0385176228,7.333333333333333,3
0385285019,7.333333333333333,3
0385319258,7.333333333333333,3
0385323840,7.333333333333333,3
0385419945,7.333333333333333,3
038548948X,7.333333333333333,3
0385492103,7.333333333333333,3
0385492235,7.333333333333333,3
0385721188,7.333333333333333,3
0393047520,7.333333333333333,3
0393966356,7.333333333333333,3
039456541X,7.333333333333333,3
039471833X,7.333333333333333,3
0395489334,7.333333333333333,3
0395939461,7.333333333333333,3
0399128298,7.333333333333333,3
039913414X,7.333333333333333,3
0399138439,7.333333333333333,3
0399140212,7.333333333333333,3
0399146032,7.333333333333333,3
0399151362,7.333333333333333,3
039921268X,7.333333333333333,3
0399505253,7.333333333333333,3
0425119661,7.333333333333333,3
0425120058,7.333333333333333,3
0425130282,7.333333333333333,3
0425142884,7.333333333333333,3
042514724X,7.333333333333333,3
0425149579,7.333333333333333,3
0425150127,7.333333333333333,3
0425153401,7.333333333333333,3
0425159116,7.333333333333333,3
0425163393,7.333333333333333,3
0425169626,7.333333333333333,3
0425170411,7.333333333333333,3
0425173909,7.333333333333333,3
0425177378,7.333333333333333,3
042518692X,7.333333333333333,3
0425187217,7.333333333333333,3
0425189163,7.333333333333333,3
0425191044,7.333333333333333,3
0425196844,7.333333333333333,3
0435905252,7.333333333333333,3
0439284031,7.333333333333333,3
0439443849,7.333333333333333,3
0440204100,7.333333333333333,3
0440214416,7.333333333333333,3
0440218659,7.333333333333333,3
044022019X,7.333333333333333,3
0440223784,7.333333333333333,3
0440225329,7.333333333333333,3
044022599X,7.333333333333333,3
0440234735,7.333333333333333,3
0440240891,7.333333333333333,3
0440408520,7.333333333333333,3
0440507545,7.333333333333333,3
0440917409,7.333333333333333,3
044100962X,7.333333333333333,3
044108950X,7.333333333333333,3
0441451306,7.333333333333333,3
0445406836,7.333333333333333,3
0446364037,7.333333333333333,3
0446364916,7.333333333333333,3
0446394777,7.333333333333333,3
0446512923,7.333333333333333,3
0446517011,7.333333333333333,3
0446519480,7.333333333333333,3
0446601616,7.333333333333333,3
0446605018,7.333333333333333,3
0446679178,7.333333333333333,3
044690922X,7.333333333333333,3
0448089092,7.333333333333333,3
0448089513,7.333333333333333,3
0448095122,7.333333333333333,3
0449149706,7.333333333333333,3
0449212696,7.333333333333333,3
0449238601,7.333333333333333,3
0449241122,7.333333333333333,3
0449909298,7.333333333333333,3
0449909859,7.333333333333333,3
0451138775,7.333333333333333,3
0451150635,7.333333333333333,3
0451159233,7.333333333333333,3
0451162412,7.333333333333333,3
0451177924,7.333333333333333,3
0451181964,7.333333333333333,3
0451195507,7.333333333333333,3
0451199537,7.333333333333333,3
0451201205,7.333333333333333,3
0451205162,7.333333333333333,3
0451205790,7.333333333333333,3
0451401387,7.333333333333333,3
0451403673,7.333333333333333,3
0451406648,7.333333333333333,3
0451408004,7.333333333333333,3
0451409086,7.333333333333333,3
0451526015,7.333333333333333,3
0452269563,7.333333333333333,3
0452271169,7.333333333333333,3
0452271215,7.333333333333333,3
046087280X,7.333333333333333,3
0486204871,7.333333333333333,3
0486284956,7.333333333333333,3
0486298035,7.333333333333333,3
0486415864,7.333333333333333,3
0486419231,7.333333333333333,3
0505523191,7.333333333333333,3
0505523426,7.333333333333333,3
0505523884,7.333333333333333,3
050552502X,7.333333333333333,3
0515119482,7.333333333333333,3
0515125040,7.333333333333333,3
0517124858,7.333333333333333,3
0517182661,7.333333333333333,3
0517560070,7.333333333333333,3
0517566540,7.333333333333333,3
0525249222,7.333333333333333,3
055213922X,7.333333333333333,3
0553062247,7.333333333333333,3
0553106635,7.333333333333333,3
0553231804,7.333333333333333,3
0553232320,7.333333333333333,3
0553233246,7.333333333333333,3
0553240404,7.333333333333333,3
0553247301,7.333333333333333,3
0553247778,7.333333333333333,3
0553267035,7.333333333333333,3
0553277529,7.333333333333333,3
0553283960,7.333333333333333,3
0553350005,7.333333333333333,3
0553378260,7.333333333333333,3
0553378392,7.333333333333333,3
0553542842,7.333333333333333,3
0553562703,7.333333333333333,3
0553568817,7.333333333333333,3
055356949X,7.333333333333333,3
0553574280,7.333333333333333,3
0553575171,7.333333333333333,3
0553575341,7.333333333333333,3
0553576194,7.333333333333333,3
0553581147,7.333333333333333,3
0586061347,7.333333333333333,3
0590026356,7.333333333333333,3
0590108441,7.333333333333333,3
0590403826,7.333333333333333,3
0590414488,7.333333333333333,3
0590417088,7.333333333333333,3
0590442376,7.333333333333333,3
0590458469,7.333333333333333,3
0590481150,7.333333333333333,3
0590483528,7.333333333333333,3
0590679872,7.333333333333333,3
0590945564,7.333333333333333,3
0609609769,7.333333333333333,3
0618153969,7.333333333333333,3
0618219021,7.333333333333333,3
0670825212,7.333333333333333,3
0670874051,7.333333333333333,3
0670910279,7.333333333333333,3
0671015141,7.333333333333333,3
0671039407,7.333333333333333,3
0671040693,7.333333333333333,3
0671318462,7.333333333333333,3
0671413678,7.333333333333333,3
0671443275,7.333333333333333,3
0671606875,7.333333333333333,3
067162508X,7.333333333333333,3
0671655507,7.333333333333333,3
0671656236,7.333333333333333,3
0671662694,7.333333333333333,3
0671669958,7.333333333333333,3
0671676555,7.333333333333333,3
0671695738,7.333333333333333,3
0671704648,7.333333333333333,3
0671724703,7.333333333333333,3
0671727907,7.333333333333333,3
0671731815,7.333333333333333,3
0671738623,7.333333333333333,3
0671738690,7.333333333333333,3
0671759310,7.333333333333333,3
0671775421,7.333333333333333,3
0671778129,7.333333333333333,3
067178577X,7.333333333333333,3
0671864858,7.333333333333333,3
0671868098,7.333333333333333,3
0671870831,7.333333333333333,3
0671873180,7.333333333333333,3
0671877437,7.333333333333333,3
0671888285,7.333333333333333,3
0674637526,7.333333333333333,3
0676971997,7.333333333333333,3
0679402470,7.333333333333333,3
0679438823,7.333333333333333,3
0679450718,7.333333333333333,3
067946316X,7.333333333333333,3
0679721134,7.333333333333333,3
0679728449,7.333333333333333,3
0679732519,7.333333333333333,3
0679734481,7.333333333333333,3
0679737553,7.333333333333333,3
0679743650,7.333333333333333,3
0679750932,7.333333333333333,3
0679752684,7.333333333333333,3
0679766588,7.333333333333333,3
0679767908,7.333333333333333,3
0679808094,7.333333333333333,3
0679863729,7.333333333333333,3
0684718081,7.333333333333333,3
0684801884,7.333333333333333,3
068482275X,7.333333333333333,3
0684842572,7.333333333333333,3
0684845164,7.333333333333333,3
0684845989,7.333333333333333,3
0684848120,7.333333333333333,3
0684857278,7.333333333333333,3
0688042171,7.333333333333333,3
0688103804,7.333333333333333,3
0688165281,7.333333333333333,3
0688169724,7.333333333333333,3
0689859384,7.333333333333333,3
0722534515,7.333333333333333,3
0740713930,7.333333333333333,3
0743203046,7.333333333333333,3
0743212649,7.333333333333333,3
0743222121,7.333333333333333,3
074324527X,7.333333333333333,3
0743400399,7.333333333333333,3
0743412494,7.333333333333333,3
0743418743,7.333333333333333,3
0743436695,7.333333333333333,3
0743456807,7.333333333333333,3
0743456823,7.333333333333333,3
0752843303,7.333333333333333,3
0752843397,7.333333333333333,3
0753811251,7.333333333333333,3
0763619310,7.333333333333333,3
0764221396,7.333333333333333,3
0764550136,7.333333333333333,3
0765343479,7.333333333333333,3
0765344513,7.333333333333333,3
076534775X,7.333333333333333,3
0767903323,7.333333333333333,3
0771014864,7.333333333333333,3
0771079524,7.333333333333333,3
0778320022,7.333333333333333,3
0783549377,7.333333333333333,3
0786002832,7.333333333333333,3
0786005793,7.333333333333333,3
0786013117,7.333333333333333,3
0786014091,7.333333333333333,3
0786885424,7.333333333333333,3
0786929596,7.333333333333333,3
0800756797,7.333333333333333,3
0802133312,7.333333333333333,3
0802133487,7.333333333333333,3
0802134637,7.333333333333333,3
0804111626,7.333333333333333,3
0804118310,7.333333333333333,3
0804118752,7.333333333333333,3
0805005013,7.333333333333333,3
0805053034,7.333333333333333,3
0805239677,7.333333333333333,3
0805420789,7.333333333333333,3
0806988843,7.333333333333333,3
0807552933,7.333333333333333,3
0808511394,7.333333333333333,3
0812500482,7.333333333333333,3
0812508351,7.333333333333333,3
0812530365,7.333333333333333,3
0812531590,7.333333333333333,3
0812568834,7.333333333333333,3
0812570030,7.333333333333333,3
0812570715,7.333333333333333,3
0812580036,7.333333333333333,3
0812589831,7.333333333333333,3
0812590252,7.333333333333333,3
0812930347,7.333333333333333,3
0812968182,7.333333333333333,3
0816039798,7.333333333333333,3
0816510466,7.333333333333333,3
0821223666,7.333333333333333,3
0821732951,7.333333333333333,3
0821755951,7.333333333333333,3
0821765868,7.333333333333333,3
0831700203,7.333333333333333,3
0831756055,7.333333333333333,3
0836279786,7.333333333333333,3
0842301860,7.333333333333333,3
0842335994,7.333333333333333,3
0843103116,7.333333333333333,3
0843944722,7.333333333333333,3
0843949546,7.333333333333333,3
0849935644,7.333333333333333,3
0862782481,7.333333333333333,3
0869142887,7.333333333333333,3
0870529161,7.333333333333333,3
0871236168,7.333333333333333,3
0872862097,7.333333333333333,3
0874778956,7.333333333333333,3
0875421814,7.333333333333333,3
0875967663,7.333333333333333,3
0876306954,7.333333333333333,3
0877282684,7.333333333333333,3
0877796165,7.333333333333333,3
088138013X,7.333333333333333,3
0886775205,7.333333333333333,3
0887307396,7.333333333333333,3
0892965886,7.333333333333333,3
0892966505,7.333333333333333,3
0895773538,7.333333333333333,3
0895778602,7.333333333333333,3
0914918249,7.333333333333333,3
0915811405,7.333333333333333,3
0917086759,7.333333333333333,3
0931432022,7.333333333333333,3
0933377460,7.333333333333333,3
0937958042,7.333333333333333,3
0941524841,7.333333333333333,3
0945260199,7.333333333333333,3
0945774109,7.333333333333333,3
0964596008,7.333333333333333,3
0967063108,7.333333333333333,3
140130057X,7.333333333333333,3
1402521154,7.333333333333333,3
155013325X,7.333333333333333,3
1551660016,7.333333333333333,3
155166013X,7.333333333333333,3
1551661799,7.333333333333333,3
1551664992,7.333333333333333,3
1551666030,7.333333333333333,3
1551666634,7.333333333333333,3
1551666774,7.333333333333333,3
1551668807,7.333333333333333,3
1555217834,7.333333333333333,3
1555534007,7.333333333333333,3
1557739404,7.333333333333333,3
1559390476,7.333333333333333,3
1560766700,7.333333333333333,3
1561381527,7.333333333333333,3
1561703249,7.333333333333333,3
1563052407,7.333333333333333,3
1563524872,7.333333333333333,3
156389226X,7.333333333333333,3
1565070658,7.333333333333333,3
1565075331,7.333333333333333,3
1565123212,7.333333333333333,3
1566196884,7.333333333333333,3
1567185525,7.333333333333333,3
1567185657,7.333333333333333,3
1568304706,7.333333333333333,3
1568842228,7.333333333333333,3
1568959672,7.333333333333333,3
1570715610,7.333333333333333,3
1572301937,7.333333333333333,3
1572973234,7.333333333333333,3
1573181544,7.333333333333333,3
1573182036,7.333333333333333,3
1575662213,7.333333333333333,3
1576731421,7.333333333333333,3
157794304X,7.333333333333333,3
1580050972,7.333333333333333,3
158574297X,7.333333333333333,3
1587492695,7.333333333333333,3
1591160596,7.333333333333333,3
1591823145,7.333333333333333,3
1591840414,7.333333333333333,3
1592400361,7.333333333333333,3
1840460628,7.333333333333333,3
1853260304,7.333333333333333,3
1853261874,7.333333333333333,3
1853262374,7.333333333333333,3
186046310X,7.333333333333333,3
1860465536,7.333333333333333,3
1860495087,7.333333333333333,3
1873982712,7.333333333333333,3
1878257528,7.333333333333333,3
1881273652,7.333333333333333,3
1891946013,7.333333333333333,3
189206524X,7.333333333333333,3
1892145057,7.333333333333333,3
1898697280,7.333333333333333,3
1931514739,7.333333333333333,3
2070362361,7.333333333333333,3
2070370291,7.333333333333333,3
2070381161,7.333333333333333,3
2070513793,7.333333333333333,3
2253025488,7.333333333333333,3
2253170372,7.333333333333333,3
2253170828,7.333333333333333,3
226401654X,7.333333333333333,3
2277300098,7.333333333333333,3
2290303348,7.333333333333333,3
2290314234,7.333333333333333,3
2290333611,7.333333333333333,3
2869596103,7.333333333333333,3
2878580753,7.333333333333333,3
2907572121,7.333333333333333,3
3100478258,7.333333333333333,3
3150031737,7.333333333333333,3
3404145666,7.333333333333333,3
3442447690,7.333333333333333,3
3442451140,7.333333333333333,3
344254159X,7.333333333333333,3
3453075315,7.333333333333333,3
3453088905,7.333333333333333,3
3492107400,7.333333333333333,3
3492230490,7.333333333333333,3
349922528X,7.333333333333333,3
3552048383,7.333333333333333,3
3596154170,7.333333333333333,3
8401427207,7.333333333333333,3
8420439193,7.333333333333333,3
8420483508,7.333333333333333,3
8420484385,7.333333333333333,3
8817113506,7.333333333333333,3
9500704285,7.333333333333333,3
9505118678,7.333333333333333,3
